index,label,source,p_fake
0,fake,,0.254602
1,fake,,0.423935
2,real,,0.494597
3,fake,,0.318697
4,fake,,0.353094
5,real,,0.167763
6,fake,,0.844409
7,fake,,0.085099
8,real,,0.122944
9,fake,,0.206254
10,real,,0.100879
11,fake,,0.121269
12,fake,,0.837620
13,fake,,0.613237
14,real,,0.141281
15,fake,,0.710227
16,fake,,0.363873
17,fake,,0.616936
18,fake,,0.567098
19,fake,,0.196826
20,fake,,0.927888
21,fake,,0.156620
22,real,,0.466967
23,fake,,0.125493
24,real,,0.205615
25,fake,,0.230227
26,real,,0.190724
27,fake,,0.528047
28,real,,0.092688
29,real,,0.118385
30,real,,0.277865
31,fake,,0.803791
32,fake,,0.529324
33,real,,0.558207
34,fake,,0.243642
35,fake,,0.864768
36,fake,,0.797557
37,fake,,0.451327
38,fake,,0.495312
39,fake,,0.693888
40,fake,,0.234407
41,fake,,0.709824
42,real,,0.181263
43,real,,0.430387
44,fake,,0.420600
45,fake,,0.314471
46,fake,,0.547101
47,fake,,0.444685
48,fake,,0.246533
49,fake,,0.082107
50,fake,,0.499130
51,fake,,0.123366
52,fake,,0.583915
53,fake,,0.936750
54,fake,,0.734120
55,fake,,0.187133
56,real,,0.136148
57,fake,,0.819316
58,fake,,0.098079
59,fake,,0.513729
60,real,,0.258326
61,fake,,0.910545
62,fake,,0.422266
63,real,,0.166675
64,fake,,0.103024
65,fake,,0.199932
66,real,,0.131619
67,real,,0.153549
68,fake,,0.902610
69,real,,0.062331
70,fake,,0.864768
71,real,,0.096706
72,fake,,0.881615
73,fake,,0.180107
74,real,,0.128963
75,fake,,0.914901
76,fake,,0.158174
77,fake,,0.347316
78,real,,0.185357
79,fake,,0.821617
80,fake,,0.246533
81,fake,,0.750553
82,fake,,0.882428
83,fake,,0.182426
84,fake,,0.670608
85,fake,,0.195594
86,fake,,0.326379
87,fake,,0.860134
88,fake,,0.832781
89,fake,,0.193757
90,fake,,0.172729
91,fake,,0.661486
92,fake,,0.846958
93,real,,0.207536
94,fake,,0.931463
95,fake,,0.174410
96,real,,0.090735
97,real,,0.088820
98,fake,,0.936285
99,fake,,0.513943
100,fake,,0.720565
101,fake,,0.264358
102,fake,,0.220007
103,fake,,0.421790
104,fake,,0.409693
105,fake,,0.149531
106,fake,,0.520344
107,fake,,0.180684
108,real,,0.094010
109,fake,,0.202443
110,fake,,0.147555
111,fake,,0.766294
112,fake,,0.772531
113,fake,,0.539832
114,fake,,0.743168
115,fake,,0.843380
116,fake,,0.199308
117,fake,,0.841826
118,real,,0.298696
119,real,,0.372049
120,fake,,0.621311
121,real,,0.572484
122,real,,0.174410
123,fake,,0.725260
124,fake,,0.348645
125,fake,,0.586996
126,fake,,0.072637
127,fake,,0.270095
128,fake,,0.601594
129,fake,,0.591251
130,fake,,0.826151
131,real,,0.210766
132,real,,0.472501
133,fake,,0.911180
134,fake,,0.729520
135,fake,,0.177811
136,fake,,0.199308
137,fake,,0.805632
138,real,,0.102305
139,fake,,0.693058
140,fake,,0.135690
141,real,,0.133867
142,real,,0.062331
143,real,,0.077518
144,fake,,0.546254
145,real,,0.138462
146,fake,,0.380299
147,fake,,0.083890
148,fake,,0.910545
149,fake,,0.923592
150,fake,,0.438064
151,fake,,0.247987
152,fake,,0.859664
153,real,,0.161320
154,fake,,0.183594
155,fake,,0.453867
156,fake,,0.203075
157,fake,,0.698021
158,fake,,0.395835
159,fake,,0.237222
160,fake,,0.403567
161,fake,,0.142232
162,fake,,0.570092
163,fake,,0.603932
164,fake,,0.369770
165,fake,,0.564579
166,fake,,0.139396
167,fake,,0.257578
168,fake,,0.363873
169,fake,,0.460410
170,fake,,0.884838
171,fake,,0.295433
172,real,,0.202443
173,fake,,0.137996
174,fake,,0.138928
175,fake,,0.465327
176,fake,,0.463566
177,fake,,0.763484
178,fake,,0.707809
179,fake,,0.207536
180,fake,,0.134321
181,fake,,0.448426
182,fake,,0.191933
183,fake,,0.223377
184,fake,,0.385606
185,fake,,0.161320
186,fake,,0.343342
187,fake,,0.218003
188,fake,,0.741674
189,real,,0.150528
190,fake,,0.339828
191,fake,,0.633864
192,fake,,0.155591
193,fake,,0.851459
194,fake,,0.886420
195,fake,,0.199308
196,real,,0.187133
197,fake,,0.240775
198,fake,,0.162380
199,fake,,0.844922
200,fake,,0.385606
201,real,,0.137996
202,fake,,0.843895
203,fake,,0.174973
204,real,,0.284576
205,fake,,0.712232
206,fake,,0.222025
207,fake,,0.520009
208,real,,0.182426
209,fake,,0.223377
210,fake,,0.104477
211,fake,,0.228156
212,fake,,0.139396
213,fake,,0.177240
214,fake,,0.197444
215,fake,,0.705785
216,fake,,0.824462
217,fake,,0.064183
218,fake,,0.136148
219,fake,,0.220678
220,real,,0.151028
221,fake,,0.693473
222,fake,,0.278257
223,fake,,0.385837
224,fake,,0.325949
225,fake,,0.139396
226,fake,,0.924688
227,fake,,0.351756
228,fake,,0.944995
229,fake,,0.129843
230,fake,,0.763484
231,fake,,0.263599
232,real,,0.133415
233,real,,0.168309
234,fake,,0.268941
235,real,,0.110471
236,fake,,0.158174
237,fake,,0.610453
238,fake,,0.623835
239,fake,,0.267026
240,fake,,0.148047
241,fake,,0.319121
242,fake,,0.379608
243,fake,,0.193757
244,fake,,0.780662
245,real,,0.237222
246,real,,0.245085
247,fake,,0.171061
248,fake,,0.502162
249,fake,,0.868827
250,real,,0.381450
251,fake,,0.513882
252,fake,,0.176104
253,fake,,0.911810
254,real,,0.125923
255,real,,0.100879
256,fake,,0.213377
257,real,,0.390243
258,fake,,0.103024
259,fake,,0.296654
260,real,,0.433862
261,real,,0.121686
262,fake,,0.796292
263,fake,,0.673192
264,fake,,0.812272
265,fake,,0.332419
266,fake,,0.126785
267,fake,,0.788583
268,real,,0.544559
269,fake,,0.761361
270,fake,,0.809276
271,fake,,0.142709
272,real,,0.143188
273,real,,0.094010
274,fake,,0.177811
275,fake,,0.754915
276,fake,,0.269710
277,fake,,0.790530
278,fake,,0.609292
279,fake,,0.843895
280,fake,,0.255344
281,fake,,0.783988
282,fake,,0.717012
283,fake,,0.534977
284,fake,,0.317850
285,fake,,0.864768
286,fake,,0.689306
287,fake,,0.835484
288,fake,,0.218003
289,real,,0.160792
290,real,,0.119614
291,fake,,0.534734
292,fake,,0.383064
293,real,,0.123366
294,fake,,0.340704
295,fake,,0.964855
296,fake,,0.712232
297,fake,,0.703753
298,real,,0.198685
299,fake,,0.844409
300,fake,,0.251648
301,fake,,0.194368
302,fake,,0.806853
303,fake,,0.709824
304,fake,,0.394901
305,fake,,0.731442
306,fake,,0.858244
307,fake,,0.672762
308,fake,,0.937669
309,real,,0.117978
310,fake,,0.139866
311,fake,,0.205615
312,fake,,0.142232
313,fake,,0.192539
314,fake,,0.227469
315,real,,0.288168
316,fake,,0.132066
317,fake,,0.629319
318,fake,,0.861072
319,fake,,0.093347
320,fake,,0.170508
321,fake,,0.909265
322,fake,,0.126785
323,fake,,0.247987
324,fake,,0.929951
325,fake,,0.236516
326,real,,0.106691
327,real,,0.088190
328,fake,,0.256087
329,fake,,0.254602
330,fake,,0.877896
331,fake,,0.259826
332,fake,,0.753467
333,fake,,0.777300
334,fake,,0.766993
335,fake,,0.247260
336,fake,,0.108945
337,fake,,0.167763
338,fake,,0.843380
339,fake,,0.095349
340,fake,,0.107437
341,fake,,0.423696
342,fake,,0.131619
343,fake,,0.792464
344,fake,,0.685529
345,fake,,0.729134
346,fake,,0.294621
347,fake,,0.130729
348,fake,,0.134321
349,fake,,0.616705
350,fake,,0.105211
351,fake,,0.158174
352,fake,,0.801315
353,fake,,0.187133
354,fake,,0.433022
355,fake,,0.272799
356,real,,0.582016
357,fake,,0.916708
358,fake,,0.489458
359,fake,,0.237222
360,fake,,0.795658
361,fake,,0.229535
362,real,,0.078642
363,real,,0.073696
364,fake,,0.663233
365,fake,,0.294215
366,fake,,0.108945
367,fake,,0.253861
368,fake,,0.111241
369,fake,,0.143668
370,real,,0.107437
371,fake,,0.483953
372,fake,,0.213377
373,fake,,0.335024
374,fake,,0.913677
375,real,,0.125493
376,fake,,0.869715
377,fake,,0.901227
378,fake,,0.737914
379,real,,0.197444
380,fake,,0.197444
381,fake,,0.755637
382,fake,,0.516535
383,fake,,0.150528
384,fake,,0.869271
385,fake,,0.819316
386,fake,,0.898411
387,fake,,0.130285
388,fake,,0.606498
389,fake,,0.656658
390,real,,0.282592
391,fake,,0.270095
392,fake,,0.245808
393,fake,,0.753467
394,fake,,0.196209
395,real,,0.166675
396,fake,,0.516519
397,real,,0.128525
398,real,,0.132515
399,fake,,0.342462
400,fake,,0.259075
401,real,,0.185947
402,real,,0.108189
403,fake,,0.609059
404,fake,,0.848972
405,fake,,0.800692
406,fake,,0.877896
407,fake,,0.565059
408,fake,,0.372733
409,fake,,0.589835
410,fake,,0.597608
411,fake,,0.363421
412,fake,,0.108945
413,fake,,0.714230
414,fake,,0.237930
415,fake,,0.162380
416,fake,,0.688049
417,fake,,0.346431
418,real,,0.094678
419,fake,,0.622689
420,real,,0.145115
421,fake,,0.682997
422,fake,,0.242923
423,fake,,0.395601
424,fake,,0.447581
425,fake,,0.168857
426,fake,,0.148541
427,fake,,0.448064
428,fake,,0.134776
429,real,,0.200558
430,fake,,0.136608
431,fake,,0.093347
432,fake,,0.147555
433,fake,,0.796292
434,fake,,0.156105
435,fake,,0.252384
436,fake,,0.352647
437,fake,,0.540681
438,fake,,0.879147
439,real,,0.154058
440,fake,,0.112016
441,fake,,0.749087
442,fake,,0.199308
443,real,,0.105211
444,fake,,0.202443
445,fake,,0.898411
446,fake,,0.895523
447,fake,,0.795658
448,fake,,0.406862
449,real,,0.122523
450,fake,,0.764188
451,fake,,0.108189
452,fake,,0.431105
453,fake,,0.391173
454,fake,,0.324663
455,fake,,0.731442
456,fake,,0.590779
457,fake,,0.366590
458,fake,,0.593609
459,fake,,0.597843
460,fake,,0.501369
461,fake,,0.638835
462,fake,,0.129843
463,fake,,0.813461
464,real,,0.140336
465,fake,,0.569613
466,fake,,0.096025
467,fake,,0.467332
468,real,,0.127218
469,fake,,0.079210
470,fake,,0.166675
471,fake,,0.929440
472,real,,0.636579
473,fake,,0.128963
474,fake,,0.771843
475,fake,,0.245808
476,fake,,0.209470
477,fake,,0.502006
478,real,,0.343782
479,fake,,0.156105
480,fake,,0.100172
481,real,,0.127218
482,real,,0.247260
483,fake,,0.247987
484,fake,,0.456773
485,fake,,0.143188
486,fake,,0.715822
487,fake,,0.812272
488,fake,,0.657978
489,fake,,0.115961
490,fake,,0.654453
491,fake,,0.803174
492,fake,,0.877056
493,fake,,0.442396
494,fake,,0.865224
495,real,,0.704160
496,real,,0.250179
497,fake,,0.894052
498,real,,0.174973
499,fake,,0.788583
500,fake,,0.489870
501,fake,,0.769773
502,fake,,0.404037
503,real,,0.109706
504,fake,,0.939471
505,fake,,0.090735
506,fake,,0.766993
507,fake,,0.132964
508,fake,,0.605099
509,fake,,0.393268
510,real,,0.079210
511,fake,,0.776623
512,fake,,0.320396
513,real,,0.163445
514,fake,,0.195594
515,fake,,0.638385
516,fake,,0.872782
517,real,,0.226099
518,real,,0.159741
519,real,,0.067547
520,fake,,0.130729
521,fake,,0.252384
522,fake,,0.947769
523,fake,,0.748352
524,fake,,0.483443
525,fake,,0.187133
526,fake,,0.251648
527,real,,0.422028
528,fake,,0.932453
529,fake,,0.384681
530,real,,0.500910
531,real,,0.176672
532,fake,,0.680454
533,fake,,0.560734
534,real,,0.893309
535,fake,,0.877056
536,fake,,0.627951
537,real,,0.275909
538,fake,,0.351756
539,fake,,0.107437
540,fake,,0.347759
541,fake,,0.178383
542,fake,,0.101589
543,fake,,0.787278
544,fake,,0.388154
545,fake,,0.174410
546,fake,,0.202443
547,fake,,0.710628
548,fake,,0.691393
549,fake,,0.899828
550,fake,,0.479153
551,fake,,0.647353
552,fake,,0.599954
553,fake,,0.343782
554,real,,0.131173
555,real,,0.161849
556,fake,,0.149035
557,fake,,0.814643
558,fake,,0.809276
559,fake,,0.895523
560,real,,0.082697
561,real,,0.139866
562,fake,,0.828939
563,fake,,0.452052
564,fake,,0.851953
565,fake,,0.153042
566,fake,,0.387227
567,fake,,0.944177
568,real,,0.176104
569,fake,,0.724091
570,fake,,0.188922
571,fake,,0.691810
572,fake,,0.713831
573,fake,,0.616012
574,fake,,0.874935
575,fake,,0.685107
576,fake,,0.157137
577,fake,,0.455077
578,fake,,0.582254
579,fake,,0.731442
580,fake,,0.229535
581,real,,0.161320
582,fake,,0.412767
583,fake,,0.816991
584,fake,,0.559651
585,fake,,0.081520
586,fake,,0.512815
587,fake,,0.226099
588,fake,,0.240775
589,real,,0.168309
590,fake,,0.397938
591,fake,,0.204978
592,fake,,0.319971
593,real,,0.101589
594,fake,,0.842345
595,fake,,0.878731
596,real,,0.102305
597,real,,0.158174
598,fake,,0.214691
599,fake,,0.380989
600,fake,,0.273574
601,fake,,0.782663
602,fake,,0.445650
603,real,,0.169956
604,fake,,0.345105
605,fake,,0.101589
606,fake,,0.191933
607,fake,,0.910545
608,fake,,0.131619
609,real,,0.120439
610,fake,,0.414662
611,fake,,0.150528
612,fake,,0.808067
613,fake,,0.158695
614,fake,,0.752013
615,real,,0.160266
616,fake,,0.214034
617,real,,0.157655
618,fake,,0.671901
619,real,,0.423696
620,fake,,0.662796
621,fake,,0.270095
622,fake,,0.661048
623,fake,,0.210117
624,fake,,0.939025
625,real,,0.220007
626,fake,,0.253122
627,real,,0.074770
628,fake,,0.691393
629,fake,,0.260578
630,fake,,0.140808
631,real,,0.171616
632,fake,,0.864310
633,real,,0.110471
634,fake,,0.142232
635,fake,,0.709422
636,real,,0.077518
637,fake,,0.903975
638,fake,,0.664976
639,fake,,0.394434
640,fake,,0.355327
641,fake,,0.868381
642,fake,,0.759939
643,fake,,0.210766
644,fake,,0.094010
645,fake,,0.114369
646,real,,0.137070
647,real,,0.388618
648,real,,0.095349
649,real,,0.082697
650,fake,,0.241489
651,real,,0.648689
652,fake,,0.330255
653,fake,,0.843895
654,fake,,0.886420
655,fake,,0.201813
656,fake,,0.798187
657,fake,,0.529932
658,real,,0.129403
659,fake,,0.744656
660,fake,,0.101589
661,fake,,0.144631
662,fake,,0.851953
663,real,,0.210117
664,real,,0.105948
665,fake,,0.900530
666,fake,,0.609292
667,fake,,0.861072
668,fake,,0.098773
669,fake,,0.142232
670,real,,0.148047
671,fake,,0.490344
672,fake,,0.209470
673,fake,,0.168857
674,real,,0.138928
675,fake,,0.716615
676,fake,,0.095349
677,fake,,0.533884
678,fake,,0.681727
679,fake,,0.178383
680,real,,0.263599
681,real,,0.152032
682,fake,,0.240061
683,fake,,0.202443
684,fake,,0.834407
685,fake,,0.067056
686,fake,,0.111241
687,fake,,0.152536
688,fake,,0.930962
689,real,,0.280222
690,fake,,0.812272
691,fake,,0.442998
692,fake,,0.637482
693,fake,,0.240775
694,fake,,0.899828
695,fake,,0.414425
696,fake,,0.817575
697,fake,,0.854399
698,fake,,0.248717
699,fake,,0.881207
700,real,,0.096706
701,fake,,0.582729
702,fake,,0.137996
703,fake,,0.413004
704,fake,,0.417271
705,fake,,0.849971
706,fake,,0.859192
707,real,,0.117572
708,fake,,0.280222
709,fake,,0.919643
710,fake,,0.126353
711,fake,,0.536070
712,fake,,0.224055
713,fake,,0.187728
714,fake,,0.079782
715,fake,,0.284974
716,fake,,0.913677
717,fake,,0.608594
718,fake,,0.927888
719,real,,0.330687
720,fake,,0.264358
721,real,,0.115961
722,fake,,0.584627
723,fake,,0.523786
724,fake,,0.123366
725,fake,,0.397938
726,fake,,0.140336
727,fake,,0.276691
728,fake,,0.201813
729,fake,,0.340704
730,fake,,0.744656
731,fake,,0.295840
732,fake,,0.497726
733,fake,,0.128525
734,fake,,0.483313
735,fake,,0.467879
736,real,,0.172729
737,fake,,0.313210
738,fake,,0.855851
739,fake,,0.239349
740,fake,,0.864768
741,real,,0.086942
742,real,,0.106691
743,real,,0.163980
744,fake,,0.901227
745,fake,,0.281406
746,fake,,0.660610
747,real,,0.075312
748,fake,,0.839734
749,fake,,0.732592
750,fake,,0.906653
751,fake,,0.273186
752,fake,,0.146087
753,real,,0.155078
754,fake,,0.501806
755,fake,,0.281801
756,real,,0.154058
757,fake,,0.680454
758,fake,,0.856332
759,fake,,0.622230
760,fake,,0.293810
761,fake,,0.251648
762,fake,,0.581778
763,fake,,0.174410
764,fake,,0.953275
765,fake,,0.807461
766,fake,,0.883236
767,fake,,0.631594
768,fake,,0.104477
769,fake,,0.852445
770,fake,,0.108945
771,fake,,0.878731
772,fake,,0.165593
773,fake,,0.452294
774,fake,,0.251648
775,fake,,0.302391
776,fake,,0.125065
777,real,,0.638385
778,fake,,0.581065
779,real,,0.139396
780,fake,,0.301568
781,fake,,0.753467
782,fake,,0.106691
783,real,,0.147065
784,fake,,0.233008
785,fake,,0.356223
786,fake,,0.896976
787,fake,,0.236516
788,real,,0.216012
789,fake,,0.341583
790,fake,,0.787931
791,fake,,0.706190
792,real,,0.613005
793,fake,,0.130285
794,fake,,0.290578
795,fake,,0.695131
796,fake,,0.216674
797,real,,0.130729
798,fake,,0.222700
799,fake,,0.104477
800,fake,,0.793106
801,fake,,0.719384
802,real,,0.128525
803,real,,0.507652
804,fake,,0.135232
805,fake,,0.318697
806,fake,,0.909907
807,real,,0.081520
808,fake,,0.111241
809,fake,,0.176104
810,fake,,0.353986
811,fake,,0.338514
812,real,,0.055823
813,fake,,0.219337
814,fake,,0.646014
815,fake,,0.854399
816,fake,,0.447702
817,real,,0.192539
818,fake,,0.105948
819,fake,,0.681727
820,fake,,0.505173
821,fake,,0.200558
822,real,,0.161849
823,fake,,0.237222
824,fake,,0.863852
825,real,,0.128963
826,fake,,0.228845
827,fake,,0.778649
828,real,,0.116362
829,fake,,0.079782
830,fake,,0.174973
831,fake,,0.662796
832,fake,,0.847968
833,fake,,0.344664
834,fake,,0.260578
835,fake,,0.822189
836,fake,,0.586996
837,fake,,0.252384
838,real,,0.308607
839,fake,,0.798187
840,fake,,0.062331
841,fake,,0.437223
842,real,,0.137996
843,fake,,0.719778
844,real,,0.093347
845,fake,,0.854399
846,fake,,0.088820
847,fake,,0.074231
848,fake,,0.420362
849,fake,,0.105948
850,fake,,0.151529
851,real,,0.218003
852,fake,,0.390708
853,real,,0.481027
854,fake,,0.273574
855,real,,0.298287
856,fake,,0.181844
857,fake,,0.272025
858,fake,,0.308607
859,fake,,0.120853
860,fake,,0.754915
861,fake,,0.915507
862,fake,,0.314051
863,fake,,0.100879
864,fake,,0.648244
865,fake,,0.821617
866,fake,,0.682574
867,fake,,0.655336
868,real,,0.217338
869,fake,,0.601359
870,fake,,0.156105
871,fake,,0.084493
872,fake,,0.841826
873,fake,,0.191328
874,real,,0.176104
875,fake,,0.126353
876,fake,,0.199308
877,fake,,0.877056
878,fake,,0.887984
879,fake,,0.159217
880,fake,,0.896976
881,fake,,0.481576
882,fake,,0.623377
883,fake,,0.819893
884,fake,,0.823328
885,fake,,0.964321
886,fake,,0.660610
887,fake,,0.613237
888,fake,,0.847968
889,fake,,0.159741
890,fake,,0.630230
891,fake,,0.088190
892,real,,0.136148
893,fake,,0.247987
894,real,,0.137996
895,real,,0.071074
896,fake,,0.690142
897,real,,0.512144
898,fake,,0.306112
899,fake,,0.168857
900,fake,,0.210766
901,fake,,0.444926
902,fake,,0.618320
903,fake,,0.835484
904,fake,,0.150029
905,real,,0.178956
906,real,,0.074231
907,fake,,0.894789
908,fake,,0.406155
909,fake,,0.495148
910,fake,,0.262086
911,real,,0.757794
912,fake,,0.346873
913,fake,,0.212069
914,fake,,0.652241
915,real,,0.279828
916,fake,,0.555676
917,real,,0.070560
918,real,,0.619241
919,real,,0.250913
920,fake,,0.581541
921,real,,0.140808
922,fake,,0.751283
923,fake,,0.435901
924,fake,,0.159741
925,fake,,0.785966
926,fake,,0.193757
927,fake,,0.692642
928,fake,,0.834946
929,fake,,0.245808
930,real,,0.098079
931,fake,,0.433622
932,real,,0.237930
933,fake,,0.774583
934,fake,,0.867934
935,real,,0.158695
936,fake,,0.088190
937,real,,0.652684
938,fake,,0.832781
939,fake,,0.524090
940,fake,,0.170508
941,fake,,0.184767
942,fake,,0.850965
943,fake,,0.306527
944,fake,,0.168857
945,fake,,0.134321
946,real,,0.231614
947,fake,,0.399577
948,fake,,0.157655
949,fake,,0.115961
950,real,,0.131619
951,fake,,0.842345
952,real,,0.431824
953,fake,,0.139866
954,real,,0.169956
955,fake,,0.411820
956,fake,,0.101589
957,fake,,0.319121
958,real,,0.166134
959,fake,,0.113580
960,real,,0.133415
961,fake,,0.805632
962,fake,,0.328099
963,fake,,0.816991
964,real,,0.100172
965,fake,,0.918480
966,real,,0.097390
967,real,,0.206254
968,real,,0.265880
969,fake,,0.752740
970,real,,0.764892
971,real,,0.182426
972,fake,,0.126785
973,fake,,0.839734
974,fake,,0.612773
975,real,,0.224735
976,fake,,0.098079
977,fake,,0.740174
978,fake,,0.154058
979,fake,,0.080937
980,fake,,0.942929
981,fake,,0.202443
982,fake,,0.149035
983,fake,,0.259826
984,fake,,0.132515
985,fake,,0.904651
986,fake,,0.655336
987,fake,,0.784649
988,fake,,0.221351
989,real,,0.155078
990,fake,,0.914291
991,fake,,0.598782
992,fake,,0.821617
993,real,,0.366590
994,fake,,0.086323
995,fake,,0.782663
996,fake,,0.690559
997,fake,,0.808672
998,fake,,0.593374
999,fake,,0.418222
1000,fake,,0.887984
1001,fake,,0.726426
1002,fake,,0.275909
1003,real,,0.126785
1004,fake,,0.916708
1005,fake,,0.432543
1006,fake,,0.723310
1007,fake,,0.876211
1008,fake,,0.940790
1009,fake,,0.510969
1010,fake,,0.562177
1011,fake,,0.941654
1012,fake,,0.683420
1013,real,,0.153042
1014,fake,,0.355327
1015,fake,,0.279042
1016,fake,,0.216012
1017,fake,,0.438064
1018,fake,,0.767690
1019,fake,,0.141756
1020,fake,,0.252384
1021,fake,,0.346431
1022,real,,0.185357
1023,fake,,0.446495
1024,fake,,0.295027
1025,real,,0.851953
1026,fake,,0.797557
1027,fake,,0.709422
1028,fake,,0.342022
1029,fake,,0.245085
1030,real,,0.154567
1031,fake,,0.158174
1032,fake,,0.946200
1033,fake,,0.372049
1034,real,,0.171616
1035,fake,,0.871037
1036,fake,,0.240775
1037,fake,,0.235108
1038,fake,,0.378689
1039,fake,,0.408277
1040,fake,,0.133415
1041,real,,0.203075
1042,fake,,0.551453
1043,fake,,0.183594
1044,fake,,0.468122
1045,fake,,0.100172
1046,fake,,0.319121
1047,fake,,0.439747
1048,fake,,0.531635
1049,fake,,0.654453
1050,fake,,0.143668
1051,fake,,0.083890
1052,fake,,0.827271
1053,fake,,0.929440
1054,fake,,0.133867
1055,real,,0.117572
1056,real,,0.225417
1057,fake,,0.269326
1058,real,,0.141281
1059,fake,,0.059647
1060,real,,0.193147
1061,fake,,0.863392
1062,fake,,0.466116
1063,real,,0.095349
1064,fake,,0.062789
1065,fake,,0.740925
1066,fake,,0.323380
1067,fake,,0.333286
1068,real,,0.314051
1069,fake,,0.600188
1070,fake,,0.083890
1071,fake,,0.918480
1072,real,,0.057071
1073,fake,,0.833866
1074,fake,,0.838680
1075,fake,,0.915507
1076,real,,0.153549
1077,fake,,0.915507
1078,fake,,0.764188
1079,fake,,0.424173
1080,fake,,0.785309
1081,fake,,0.748352
1082,fake,,0.582254
1083,fake,,0.251648
1084,real,,0.179531
1085,fake,,0.550245
1086,fake,,0.166134
1087,fake,,0.125065
1088,fake,,0.172172
1089,real,,0.115961
1090,fake,,0.724091
1091,fake,,0.096706
1092,fake,,0.096706
1093,real,,0.694717
1094,real,,0.132515
1095,fake,,0.492295
1096,real,,0.144149
1097,fake,,0.157655
1098,fake,,0.775265
1099,fake,,0.901921
1100,fake,,0.350866
1101,fake,,0.240061
1102,fake,,0.750553
1103,fake,,0.861072
1104,fake,,0.705785
1105,fake,,0.861072
1106,fake,,0.132066
1107,fake,,0.523847
1108,fake,,0.278649
1109,fake,,0.447702
1110,fake,,0.078078
1111,fake,,0.157137
1112,real,,0.131619
1113,fake,,0.377770
1114,fake,,0.280616
1115,fake,,0.794385
1116,fake,,0.545770
1117,real,,0.104477
1118,fake,,0.574395
1119,fake,,0.548069
1120,fake,,0.913058
1121,fake,,0.748352
1122,fake,,0.154567
1123,fake,,0.150528
1124,real,,0.208824
1125,fake,,0.114369
1126,real,,0.167219
1127,real,,0.155078
1128,fake,,0.828939
1129,fake,,0.789234
1130,fake,,0.445891
1131,fake,,0.208179
1132,real,,0.208179
1133,fake,,0.124639
1134,fake,,0.767690
1135,fake,,0.352647
1136,fake,,0.212722
1137,real,,0.311113
1138,fake,,0.920790
1139,real,,0.270095
1140,fake,,0.740925
1141,real,,0.118793
1142,fake,,0.369315
1143,real,,0.080357
1144,fake,,0.630230
1145,real,,0.134776
1146,fake,,0.108945
1147,fake,,0.841305
1148,fake,,0.093347
1149,fake,,0.606265
1150,fake,,0.206894
1151,fake,,0.792464
1152,fake,,0.347759
1153,real,,0.151028
1154,fake,,0.183594
1155,fake,,0.198064
1156,fake,,0.349533
1157,fake,,0.455320
1158,fake,,0.724870
1159,real,,0.123366
1160,fake,,0.086323
1161,fake,,0.587707
1162,fake,,0.827828
1163,real,,0.096706
1164,fake,,0.871912
1165,fake,,0.226784
1166,fake,,0.801315
1167,real,,0.164516
1168,fake,,0.226784
1169,fake,,0.504379
1170,fake,,0.604632
1171,fake,,0.741674
1172,real,,0.160266
1173,real,,0.136608
1174,real,,0.158174
1175,fake,,0.771155
1176,real,,0.111241
1177,fake,,0.921358
1178,fake,,0.348645
1179,fake,,0.161320
1180,fake,,0.898411
1181,real,,0.129843
1182,fake,,0.629319
1183,fake,,0.183009
1184,fake,,0.824462
1185,real,,0.789234
1186,real,,0.063251
1187,fake,,0.189521
1188,real,,0.240061
1189,fake,,0.209470
1190,real,,0.204978
1191,fake,,0.540924
1192,fake,,0.125065
1193,fake,,0.138928
1194,fake,,0.336767
1195,fake,,0.113580
1196,real,,0.099470
1197,fake,,0.551695
1198,fake,,0.902610
1199,fake,,0.127653
1200,fake,,0.483039
1201,real,,0.148541
1202,fake,,0.843895
1203,real,,0.455562
1204,fake,,0.194368
1205,fake,,0.671040
1206,fake,,0.873647
1207,fake,,0.875787
1208,fake,,0.881615
1209,fake,,0.608361
1210,fake,,0.729905
1211,fake,,0.066085
1212,fake,,0.825590
1213,fake,,0.139396
1214,fake,,0.868827
1215,fake,,0.149035
1216,fake,,0.689724
1217,real,,0.212069
1218,fake,,0.583678
1219,fake,,0.629319
1220,fake,,0.124213
1221,fake,,0.848972
1222,real,,0.540924
1223,fake,,0.785966
1224,fake,,0.231614
1225,fake,,0.133867
1226,fake,,0.852445
1227,fake,,0.624752
1228,fake,,0.303629
1229,fake,,0.119614
1230,real,,0.173288
1231,fake,,0.444806
1232,fake,,0.683420
1233,fake,,0.174410
1234,fake,,0.347759
1235,real,,0.098773
1236,fake,,0.243642
1237,fake,,0.247260
1238,fake,,0.776623
1239,fake,,0.120853
1240,fake,,0.325092
1241,fake,,0.109706
1242,fake,,0.270866
1243,fake,,0.831143
1244,real,,0.130285
1245,real,,0.084493
1246,fake,,0.282988
1247,fake,,0.960063
1248,fake,,0.352202
1249,fake,,0.094678
1250,fake,,0.283385
1251,fake,,0.683842
1252,fake,,0.218669
1253,fake,,0.925230
1254,fake,,0.965119
1255,fake,,0.750553
1256,real,,0.137532
1257,real,,0.122523
1258,real,,0.108189
1259,real,,0.126785
1260,real,,0.151529
1261,real,,0.240775
1262,real,,0.156105
1263,real,,0.401688
1264,real,,0.126785
1265,real,,0.704973
1266,real,,0.085099
1267,real,,0.108189
1268,real,,0.105211
1269,real,,0.080357
1270,real,,0.202443
1271,real,,0.166675
1272,real,,0.150528
1273,real,,0.147555
1274,real,,0.187133
1275,real,,0.198064
1276,real,,0.292191
1277,real,,0.141756
1278,real,,0.157137
1279,real,,0.083890
1280,real,,0.067056
1281,real,,0.757794
1282,real,,0.249447
1283,real,,0.069542
1284,real,,0.362066
1285,real,,0.354880
1286,real,,0.276691
1287,real,,0.769773
1288,real,,0.099470
1289,real,,0.216012
1290,real,,0.174410
1291,real,,0.071591
1292,real,,0.093347
1293,real,,0.109706
1294,real,,0.142709
1295,real,,0.641085
1296,real,,0.139396
1297,real,,0.227469
1298,real,,0.157655
1299,real,,0.311532
1300,real,,0.075312
1301,real,,0.074231
1302,real,,0.766993
1303,real,,0.165593
1304,real,,0.292191
1305,real,,0.376165
1306,real,,0.939471
1307,real,,0.124639
1308,real,,0.112795
1309,real,,0.076408
1310,real,,0.180684
1311,real,,0.147065
1312,real,,0.344223
1313,real,,0.743168
1314,real,,0.083292
1315,real,,0.134776
1316,real,,0.115162
1317,real,,0.253122
1318,real,,0.192539
1319,real,,0.091382
1320,real,,0.195594
1321,real,,0.154567
1322,real,,0.267408
1323,real,,0.127218
1324,real,,0.619241
1325,real,,0.167219
1326,real,,0.206254
1327,real,,0.449997
1328,real,,0.174410
1329,real,,0.080937
1330,real,,0.218669
1331,real,,0.216012
1332,real,,0.177811
1333,real,,0.155591
1334,real,,0.150029
1335,real,,0.133415
1336,real,,0.226099
1337,real,,0.142709
1338,real,,0.203708
1339,real,,0.117572
1340,real,,0.131619
1341,real,,0.058777
1342,real,,0.215351
1343,real,,0.096706
1344,real,,0.137070
1345,real,,0.187133
1346,real,,0.067547
1347,real,,0.387227
1348,real,,0.197444
1349,real,,0.124639
1350,real,,0.268174
1351,real,,0.224055
1352,real,,0.670177
1353,real,,0.145115
1354,real,,0.143188
1355,real,,0.784649
1356,real,,0.261331
1357,real,,0.067547
1358,real,,0.201185
1359,real,,0.116362
1360,real,,0.083890
1361,real,,0.132515
1362,real,,0.172729
1363,real,,0.111241
1364,real,,0.094678
1365,real,,0.400749
1366,real,,0.122523
1367,real,,0.169406
1368,real,,0.092033
1369,real,,0.392570
1370,real,,0.189521
1371,real,,0.088190
1372,real,,0.139866
1373,real,,0.124639
1374,real,,0.211417
1375,real,,0.268941
1376,real,,0.080937
1377,real,,0.171616
1378,real,,0.124639
1379,real,,0.074770
1380,real,,0.122944
1381,real,,0.168309
1382,real,,0.112795
1383,real,,0.080357
1384,real,,0.161849
1385,real,,0.143188
1386,real,,0.197444
1387,real,,0.228156
1388,real,,0.067056
1389,real,,0.150029
1390,real,,0.074770
1391,real,,0.168309
1392,real,,0.124213
1393,real,,0.248717
1394,real,,0.132066
1395,real,,0.107437
1396,real,,0.354880
1397,real,,0.164516
1398,real,,0.691393
1399,real,,0.764188
1400,real,,0.163445
1401,real,,0.129843
1402,real,,0.092033
1403,real,,0.785309
1404,real,,0.138928
1405,real,,0.376394
1406,real,,0.819316
1407,real,,0.191328
1408,real,,0.271638
1409,real,,0.508929
1410,real,,0.318273
1411,real,,0.233706
1412,real,,0.132066
1413,real,,0.536070
1414,real,,0.263599
1415,real,,0.129403
1416,real,,0.214034
1417,real,,0.137996
1418,real,,0.114369
1419,real,,0.284576
1420,real,,0.238639
1421,real,,0.272025
1422,real,,0.051083
1423,real,,0.123789
1424,real,,0.762778
1425,real,,0.180107
1426,real,,0.662796
1427,real,,0.757077
1428,real,,0.187133
1429,real,,0.100879
1430,real,,0.386763
1431,real,,0.078642
1432,real,,0.335895
1433,real,,0.141281
1434,real,,0.090735
1435,real,,0.258326
1436,real,,0.073696
1437,real,,0.131619
1438,real,,0.152536
1439,real,,0.235108
1440,real,,0.220678
1441,real,,0.254602
1442,real,,0.197444
1443,real,,0.088820
1444,real,,0.132964
1445,real,,0.668015
1446,real,,0.120026
1447,real,,0.168857
1448,real,,0.091382
1449,real,,0.152536
1450,real,,0.153042
1451,real,,0.801936
1452,real,,0.136608
1453,real,,0.085099
1454,real,,0.617397
1455,real,,0.152536
1456,real,,0.152536
1457,real,,0.308190
1458,real,,0.159217
1459,real,,0.141756
1460,real,,0.064653
1461,real,,0.137996
1462,real,,0.118385
1463,real,,0.090735
1464,real,,0.317426
1465,real,,0.108189
1466,real,,0.079210
1467,real,,0.172172
1468,real,,0.275909
1469,real,,0.343342
1470,real,,0.185947
1471,real,,0.764188
1472,real,,0.483923
1473,real,,0.144631
1474,real,,0.369998
1475,real,,0.588416
1476,real,,0.140336
1477,real,,0.166134
1478,real,,0.173849
1479,real,,0.182426
1480,real,,0.116764
1481,real,,0.126785
1482,real,,0.149035
1483,real,,0.108945
1484,real,,0.175538
1485,real,,0.125923
1486,real,,0.075858
1487,real,,0.187133
1488,real,,0.128525
1489,real,,0.060975
1490,real,,0.176672
1491,real,,0.082697
1492,real,,0.076408
1493,real,,0.134321
1494,real,,0.143668
1495,real,,0.195594
1496,real,,0.181844
1497,real,,0.118793
1498,real,,0.180684
1499,real,,0.099470
1500,real,,0.212069
1501,real,,0.187133
1502,real,,0.143188
1503,real,,0.169956
1504,real,,0.181263
1505,real,,0.134776
1506,real,,0.125493
1507,real,,0.126785
1508,real,,0.653127
1509,real,,0.126353
1510,real,,0.115961
1511,real,,0.080937
1512,real,,0.076408
1513,real,,0.556761
1514,real,,0.071074
1515,real,,0.482886
1516,real,,0.113580
1517,real,,0.118793
1518,real,,0.140808
1519,real,,0.072112
1520,real,,0.141281
1521,real,,0.339390
1522,real,,0.136608
1523,real,,0.102305
1524,real,,0.086323
1525,real,,0.140808
1526,real,,0.177811
1527,real,,0.140336
1528,real,,0.382603
1529,real,,0.411820
1530,real,,0.245085
1531,real,,0.350421
1532,real,,0.181844
1533,real,,0.159217
1534,real,,0.714628
1535,real,,0.108189
1536,real,,0.113580
1537,real,,0.400749
1538,real,,0.096706
1539,real,,0.327238
1540,real,,0.407569
1541,real,,0.243642
1542,real,,0.102305
1543,real,,0.133867
1544,real,,0.184767
1545,real,,0.303629
1546,real,,0.185357
1547,real,,0.158174
1548,real,,0.244363
1549,real,,0.162380
1550,real,,0.158174
1551,real,,0.117572
1552,real,,0.743913
1553,real,,0.812272
1554,real,,0.387459
1555,real,,0.120439
1556,real,,0.158695
1557,real,,0.100172
1558,real,,0.129403
1559,real,,0.223377
1560,real,,0.125065
1561,real,,0.473292
1562,real,,0.061424
1563,real,,0.096025
1564,real,,0.144149
1565,real,,0.255344
1566,real,,0.487063
1567,real,,0.141281
1568,real,,0.172729
1569,real,,0.150528
1570,real,,0.232310
1571,real,,0.130729
1572,real,,0.169406
1573,real,,0.361165
1574,real,,0.423458
1575,real,,0.295433
1576,real,,0.201185
1577,real,,0.214034
1578,real,,0.265119
1579,real,,0.138928
1580,real,,0.101589
1581,real,,0.301156
1582,real,,0.106691
1583,real,,0.266262
1584,real,,0.102305
1585,real,,0.439747
1586,real,,0.256832
1587,real,,0.148541
1588,real,,0.214034
1589,real,,0.084493
1590,real,,0.195594
1591,real,,0.283781
1592,real,,0.808672
1593,real,,0.245085
1594,real,,0.190122
1595,real,,0.705785
1596,real,,0.176104
1597,real,,0.209470
1598,real,,0.088190
1599,real,,0.075312
1600,real,,0.086942
1601,real,,0.120026
1602,real,,0.192539
1603,real,,0.303629
1604,real,,0.116764
1605,real,,0.280616
1606,real,,0.116764
1607,real,,0.579162
1608,real,,0.090735
1609,real,,0.127218
1610,real,,0.133415
1611,real,,0.072112
1612,real,,0.174973
1613,real,,0.082107
1614,real,,0.071591
1615,real,,0.132515
1616,real,,0.128088
1617,real,,0.193757
1618,real,,0.132515
1619,real,,0.167219
1620,real,,0.253122
1621,real,,0.187133
1622,real,,0.150528
1623,real,,0.233706
1624,real,,0.162380
1625,real,,0.191328
1626,real,,0.123789
1627,real,,0.607663
1628,real,,0.139866
1629,real,,0.075312
1630,real,,0.148541
1631,real,,0.385375
1632,real,,0.866133
1633,real,,0.593138
1634,real,,0.109706
1635,real,,0.117978
1636,real,,0.153042
1637,real,,0.254602
1638,real,,0.115961
1639,real,,0.178383
1640,real,,0.138928
1641,real,,0.155078
1642,real,,0.311532
1643,real,,0.112016
1644,real,,0.874935
1645,real,,0.264738
1646,real,,0.080357
1647,real,,0.079210
1648,real,,0.185947
1649,real,,0.061876
1650,real,,0.116764
1651,real,,0.342901
1652,real,,0.142709
1653,real,,0.290578
1654,real,,0.053800
1655,real,,0.176672
1656,real,,0.271252
1657,real,,0.114369
1658,real,,0.162912
1659,real,,0.146575
1660,real,,0.355327
1661,real,,0.103024
1662,real,,0.279042
1663,real,,0.139866
1664,real,,0.149531
1665,real,,0.240775
1666,real,,0.236516
1667,real,,0.133867
1668,real,,0.281011
1669,real,,0.198064
1670,real,,0.105211
1671,real,,0.093347
1672,real,,0.101589
1673,real,,0.157137
1674,real,,0.247987
1675,real,,0.105948
1676,real,,0.125923
1677,real,,0.234407
1678,real,,0.156105
1679,real,,0.114369
1680,real,,0.146575
1681,real,,0.178956
1682,real,,0.338514
1683,real,,0.132066
1684,real,,0.160792
1685,real,,0.070049
1686,real,,0.212069
1687,real,,0.118385
1688,real,,0.208824
1689,real,,0.621081
1690,real,,0.146087
1691,real,,0.118385
1692,real,,0.212722
1693,real,,0.286169
1694,real,,0.453867
1695,real,,0.101589
1696,real,,0.230227
1697,real,,0.125065
1698,real,,0.223377
1699,real,,0.094010
1700,real,,0.241489
1701,real,,0.120853
1702,real,,0.309858
1703,real,,0.127218
1704,real,,0.181263
1705,real,,0.191933
1706,real,,0.116764
1707,real,,0.074770
1708,real,,0.195594
1709,real,,0.194980
1710,real,,0.325521
1711,real,,0.167763
1712,real,,0.106691
1713,real,,0.449513
1714,real,,0.651355
1715,real,,0.198064
1716,real,,0.764188
1717,real,,0.270866
1718,real,,0.188922
1719,real,,0.250913
1720,real,,0.184180
1721,real,,0.068537
1722,real,,0.095349
1723,real,,0.186539
1724,real,,0.139396
1725,real,,0.133415
1726,real,,0.329392
1727,real,,0.132964
1728,real,,0.127653
1729,real,,0.101589
1730,real,,0.225417
1731,real,,0.108189
1732,real,,0.525673
1733,real,,0.379378
1734,real,,0.196209
1735,real,,0.096025
1736,real,,0.160266
1737,real,,0.143188
1738,real,,0.353986
1739,real,,0.088190
1740,real,,0.157137
1741,real,,0.139866
1742,real,,0.105948
1743,real,,0.146575
1744,real,,0.105211
1745,real,,0.100172
1746,real,,0.116362
1747,real,,0.206894
1748,real,,0.190122
1749,real,,0.275909
1750,real,,0.153549
1751,real,,0.116764
1752,real,,0.112016
1753,real,,0.167763
1754,real,,0.161849
1755,real,,0.326808
1756,real,,0.155078
1757,real,,0.110471
1758,real,,0.161849
1759,real,,0.112016
1760,real,,0.065605
1761,real,,0.070049
1762,real,,0.259075
1763,real,,0.100172
1764,real,,0.293404
1765,real,,0.100879
1766,real,,0.852445
1767,real,,0.128088
1768,real,,0.067056
1769,real,,0.098079
1770,real,,0.182426
1771,real,,0.161849
1772,real,,0.233706
1773,real,,0.225417
1774,real,,0.136608
1775,real,,0.605566
1776,real,,0.228156
1777,real,,0.082697
1778,real,,0.133867
1779,real,,0.225417
1780,real,,0.181844
1781,real,,0.416085
1782,real,,0.085099
1783,real,,0.112795
1784,real,,0.094678
1785,real,,0.229535
1786,real,,0.134321
1787,real,,0.172729
1788,real,,0.328529
1789,real,,0.205615
1790,real,,0.292595
1791,real,,0.163445
1792,real,,0.222025
1793,real,,0.143188
1794,real,,0.064183
1795,real,,0.187133
1796,real,,0.136608
1797,real,,0.143188
1798,real,,0.183009
1799,real,,0.117978
1800,real,,0.126353
1801,real,,0.165593
1802,real,,0.195594
1803,real,,0.125493
1804,real,,0.131619
1805,real,,0.172172
1806,real,,0.100172
1807,real,,0.134321
1808,real,,0.119203
1809,real,,0.107437
1810,real,,0.112795
1811,real,,0.244363
1812,real,,0.236516
1813,real,,0.074231
1814,real,,0.223377
1815,real,,0.057918
1816,real,,0.082697
1817,real,,0.082107
1818,real,,0.093347
1819,real,,0.176104
1820,real,,0.092688
1821,real,,0.134776
1822,real,,0.255344
1823,real,,0.145601
1824,real,,0.161849
1825,real,,0.075858
1826,real,,0.221351
1827,real,,0.119203
1828,real,,0.159217
1829,real,,0.775265
1830,real,,0.049222
1831,real,,0.247987
1832,real,,0.132066
1833,real,,0.246533
1834,real,,0.197444
1835,real,,0.393268
1836,real,,0.087564
1837,real,,0.671471
1838,real,,0.176104
1839,real,,0.237930
1840,real,,0.085709
1841,real,,0.550487
1842,real,,0.126785
1843,real,,0.752013
1844,real,,0.120439
1845,real,,0.212722
1846,real,,0.212069
1847,real,,0.071074
1848,real,,0.216674
1849,real,,0.059210
1850,real,,0.237930
1851,real,,0.118385
1852,real,,0.103024
1853,real,,0.144631
1854,real,,0.096025
1855,real,,0.105211
1856,real,,0.157137
1857,real,,0.696371
1858,real,,0.312790
1859,real,,0.420838
1860,real,,0.083292
1861,real,,0.193147
1862,real,,0.067547
1863,real,,0.090093
1864,real,,0.216012
1865,real,,0.300335
1866,real,,0.222700
1867,real,,0.188324
1868,real,,0.137532
1869,real,,0.325949
1870,real,,0.398406
1871,real,,0.360264
1872,real,,0.173849
1873,real,,0.413004
1874,real,,0.184767
1875,real,,0.183009
1876,real,,0.710227
1877,real,,0.239349
1878,real,,0.109706
1879,real,,0.165593
1880,real,,0.371137
1881,real,,0.158695
1882,real,,0.316580
1883,real,,0.212069
1884,real,,0.154058
1885,real,,0.160792
1886,real,,0.740925
1887,real,,0.087564
1888,real,,0.160792
1889,real,,0.127653
1890,real,,0.132066
1891,real,,0.132964
1892,real,,0.124213
1893,real,,0.200558
1894,real,,0.188922
1895,real,,0.224735
1896,real,,0.090735
1897,real,,0.162380
1898,real,,0.100172
1899,real,,0.125065
1900,real,,0.299925
1901,real,,0.262842
1902,real,,0.164516
1903,real,,0.296247
1904,real,,0.181844
1905,real,,0.107437
1906,real,,0.130729
1907,real,,0.920218
1908,real,,0.208179
1909,real,,0.211417
1910,real,,0.151028
1911,real,,0.077518
1912,real,,0.144631
1913,real,,0.260578
1914,real,,0.151028
1915,real,,0.479016
1916,real,,0.083890
1917,real,,0.054601
1918,real,,0.167219
1919,real,,0.216012
1920,real,,0.367043
1921,real,,0.150029
1922,real,,0.160792
1923,real,,0.180107
1924,real,,0.167219
1925,real,,0.139396
1926,real,,0.096025
1927,real,,0.475484
1928,real,,0.821044
1929,real,,0.096706
1930,real,,0.138928
1931,real,,0.181263
1932,real,,0.240775
1933,real,,0.226784
1934,real,,0.156105
1935,real,,0.896976
1936,real,,0.247987
1937,real,,0.319121
1938,real,,0.145601
1939,real,,0.255344
1940,real,,0.125065
1941,real,,0.354433
1942,real,,0.157655
1943,real,,0.248717
1944,real,,0.206894
1945,real,,0.078078
1946,real,,0.453746
1947,real,,0.111241
1948,real,,0.196826
1949,real,,0.102305
1950,real,,0.146575
1951,real,,0.112016
1952,real,,0.174973
1953,real,,0.224735
1954,real,,0.360714
1955,real,,0.139396
1956,real,,0.430626
1957,real,,0.288168
1958,real,,0.274351
1959,real,,0.145115
1960,real,,0.522507
1961,real,,0.375020
1962,real,,0.123366
1963,real,,0.141281
1964,real,,0.099470
1965,real,,0.828939
1966,real,,0.105211
1967,real,,0.265499
1968,real,,0.309024
1969,real,,0.173288
1970,real,,0.125493
1971,real,,0.280222
1972,real,,0.198685
1973,real,,0.103024
1974,real,,0.137070
1975,real,,0.092688
1976,real,,0.954308
1977,real,,0.226784
1978,real,,0.254602
1979,real,,0.188922
1980,real,,0.140808
1981,real,,0.277082
1982,real,,0.515498
1983,real,,0.372505
1984,real,,0.131619
1985,real,,0.346873
1986,real,,0.438785
1987,real,,0.146575
1988,real,,0.304042
1989,real,,0.178956
1990,real,,0.190724
1991,real,,0.158695
1992,real,,0.112016
1993,real,,0.127218
1994,real,,0.129843
1995,real,,0.271638
1996,real,,0.102305
1997,real,,0.118385
1998,real,,0.155591
1999,real,,0.135690
